Throughput, High Missed, Low Missed, Acceptance Rate, Max Memory395, 0, 0.816327, 81.6667, 9.16986
429, 0, 0, 93, 9.16986
426, 0, 0.362319, 92, 9.16986
409, 0, 2.7027, 86.3333, 9.16986
180, 0, 0, 100, 8.29291
180, 0, 0, 100, 8.29291
356, 0, 0, 98.3333, 8.8847
360, 0, 0, 100, 8.8847
360, 0, 0, 100, 8.8847
358, 0, 0, 99.1667, 8.8847
360, 0, 0, 100, 8.8847
360, 0, 0, 100, 8.8847
360, 0, 0, 100, 8.8847
438, 0, 0, 71.6667, 9.47455
446, 0, 0, 73.8889, 9.47455
448, 0, 0, 74.4444, 9.47455
