Throughput, High Missed, Low Missed, Acceptance Rate, Max Memory
60, 0, 3.22581, 17.0799, 8.70502
72, 0, 15.5738, 33.7017, 8.86908
62, 0, 0, 19.4444, 8.86908
