Throughput, High Missed, Low Missed, Acceptance Rate, Max Memory
434, 0, 0.0703235, 86.1818, 7.41986
413, 0, 0.075815, 79.9394, 7.2558
390, 0, 0, 72.7273, 7.41986
