Throughput, High Missed, Low Missed, Acceptance Rate, Max Memory
289, 0, 0.821355, 25.2201, 6.79681
287, 0, 0, 24.7797, 6.79681
297, 0, 0, 27.3438, 6.79681
