Throughput, High Missed, Low Missed, Acceptance Rate, Max Memory
878, 0, 4.1144, 41.5208, 6.2226
864, 0, 6.45161, 40.0417, 6.21478
880, 0, 6.625, 41.6667, 6.21088
