Throughput, High Missed, Low Missed, Acceptance Rate, Max Memory
1013, 0, 0.374813, 55.5833, 5.46674
1012, 0, 0.938791, 55.4792, 5.46674
