Throughput, High Missed, Low Missed, Acceptance Rate, Max Memory
263, 0, 0, 59.3854, 6.80658
263, 0, 0.13986, 59.3854, 6.80658
272, 0, 0, 63.3333, 6.80267
