Throughput, High Missed, Low Missed, Acceptance Rate, Max Memory
166, 49.9394, 33.3333, 0.315789, 4.1933
170, 50.0593, 18.1818, 0.610433, 4.1933
