Throughput, High Missed, Low Missed, Acceptance Rate, Max Memory
412, 0, 0.152555, 79.4545, 8.22845
415, 0, 0.226244, 80.3636, 8.20111
424, 0, 0, 83.0303, 8.5351
