Throughput, High Missed, Low Missed, Acceptance Rate, Max Memory
402, 0, 0.237906, 76.4242, 6.90424
398, 0, 0, 75.3939, 6.90814
457, 0, 0.325733, 93.0303, 6.86908
