Throughput, High Missed, Low Missed, Acceptance Rate, Max Memory
57, 0, 0, 12.3967, 6.48627
48, 0.416667, 50, 0.550964, 6.45697
50, 1.04167, 60, 3.47222, 6.47845
