Throughput, High Missed, Low Missed, Acceptance Rate, Max Memory
95, 0, 0.420168, 65.928, 8.22845
69, 0, 5.66038, 29.2818, 8.20111
89, 0, 3.61446, 57.6389, 8.5351
