Throughput, High Missed, Low Missed, Acceptance Rate, Max Memory
646, 1.97917, 33.1325, 17.2917, 6.43744
647, 0, 25.9259, 17.4375, 6.44916
