Throughput, High Missed, Low Missed, Acceptance Rate, Max Memory
327, 0, 0.14771, 35.1323, 8.4101
316, 0, 0, 32.3484, 8.4101
308, 0, 0.431034, 30.2083, 8.4101
