Throughput, High Missed, Low Missed, Acceptance Rate, Max Memory
82, 0, 2.92398, 47.2376, 8.03705
83, 0, 0.558659, 49.3113, 8.0351
98, 0, 3, 69.4444, 8.03705
