Throughput, High Missed, Low Missed, Acceptance Rate, Max Memory
469, 0, 0, 96.8485, 6.65619
473, 0, 0, 98.1212, 6.65814
415, 0, 0, 80.303, 6.67767
