Throughput, High Missed, Low Missed, Acceptance Rate, Max Memory
278, 0, 0.379747, 65.5602, 6.39447
281, 0, 0.247831, 66.971, 6.39447
277, 0, 1.90476, 65.4886, 6.39447
