Throughput, High Missed, Low Missed, Acceptance Rate, Max Memory
107, 0, 1.67224, 83.0556, 7.79291
90, 0, 2.35849, 58.7258, 7.79291
107, 0, 0, 82.6389, 7.96674
