Throughput, High Missed, Low Missed, Acceptance Rate, Max Memory
258, 0, 0.60423, 17.1414, 7.54291
245, 0, 0.374532, 13.827, 7.54291
239, 0, 0, 12.3698, 7.54291
