Throughput, High Missed, Low Missed, Acceptance Rate, Max Memory
48, 2.08333, 50, 1.10193, 6.70111
49, 0, 20, 1.37741, 6.58978
49, 0, 33.3333, 2.08333, 6.68744
