Throughput, High Missed, Low Missed, Acceptance Rate, Max Memory
382, 0, 0, 70.4242, 6.48627
391, 0, 0.248344, 73.2121, 6.45697
457, 0, 0.325203, 93.1818, 6.47845
