Throughput, High Missed, Low Missed, Acceptance Rate, Max Memory
294, 0, 0, 30.6133, 7.78705
302, 0, 1.14566, 32.5867, 7.78705
281, 0, 0.986193, 27.04, 7.78705
