Throughput, High Missed, Low Missed, Acceptance Rate, Max Memory
253, 0, 0, 55.4817, 5.56049
263, 0, 0, 59.3854, 5.56049
247, 0, 0, 52.9167, 5.55853
