Throughput, High Missed, Low Missed, Acceptance Rate, Max Memory
782, 0, 16.0714, 31.5, 6.73041
786, 0, 17.6355, 31.8958, 6.72455
841, 0, 15.3527, 37.6955, 6.74213
