Throughput, High Missed, Low Missed, Acceptance Rate, Max Memory
157, 97.7011, 33.3333, 0.166482, 4.48627
157, 96.2963, 0, 0.105263, 4.48627
