Throughput, High Missed, Low Missed, Acceptance Rate, Max Memory
240, 0, 0, 49.7925, 5.20111
237, 0, 0.170068, 48.7967, 5.30658
258, 0, 0, 57.7083, 5.19525
