Throughput, High Missed, Low Missed, Acceptance Rate, Max Memory
224, 0, 0.191571, 43.3195, 2.59369
212, 0, 0, 38.2255, 2.59369
241, 0, 0, 50.2075, 2.59369
