Throughput, High Missed, Low Missed, Acceptance Rate, Max Memory
790, 0, 11.0682, 32.375, 4.94525
791, 0, 5.71612, 32.4443, 4.93744
812, 0, 3.30827, 34.6354, 4.94525
