Throughput, High Missed, Low Missed, Acceptance Rate, Max Memory
480, 0, 0, 100, 8.39252
383, 2, 0.343053, 70.6667, 10.4335
354, 2.53333, 0.783546, 61.8788, 10.4628
