Throughput, High Missed, Low Missed, Acceptance Rate, Max Memory
742, 0, 23.0008, 27.377, 5.50385
721, 0, 17.7593, 25.1146, 5.55267
776, 0, 10.3041, 30.8333, 5.48822
