Throughput, High Missed, Low Missed, Acceptance Rate, Max Memory
999, 0, 0, 54.125, 4.29681
999, 0, 0.269542, 54.1042, 4.289
1007, 0, 0.15163, 54.9583, 4.289
