Throughput, High Missed, Low Missed, Acceptance Rate, Max Memory
261, 0, 0, 58.7209, 5.39447
255, 0, 0, 56.3953, 5.50189
253, 0, 0, 55.4167, 5.60931
