Throughput, High Missed, Low Missed, Acceptance Rate, Max Memory
1058, 0, 0.657212, 60.2292, 5.83392
1069, 0, 0.339213, 61.4167, 5.83392
