Throughput, High Missed, Low Missed, Acceptance Rate, Max Memory
787, 0, 6.70573, 32, 6.66205
800, 0, 5.49656, 33.3542, 6.65619
832, 0, 10.0709, 36.7188, 6.65619
