Throughput, High Missed, Low Missed, Acceptance Rate, Max Memory
447, 0, 0.0672495, 90.1212, 6.52924
395, 0, 0, 74.2424, 6.54486
382, 0, 0.646552, 70.303, 6.51752
