Throughput, High Missed, Low Missed, Acceptance Rate, Max Memory
429, 0, 0.0715308, 84.7273, 6.46478
423, 0, 0.0731529, 82.8485, 6.46674
