Throughput, High Missed, Low Missed, Acceptance Rate, Max Memory
48, 17.5, 0, 0.275482, 6.50385
48, 13.75, 50, 0.550964, 6.39056
49, 9.375, 50, 1.38889, 6.39642
