Throughput, High Missed, Low Missed, Acceptance Rate, Max Memory
260, 0, 0, 58.0913, 5.99017
245, 0, 0.319489, 51.9502, 5.98822
263, 0, 0.348432, 59.7917, 5.98822
