Throughput, High Missed, Low Missed, Acceptance Rate, Max Memory
72, 5.55556, 0, 0.413223, 10.3632
72, 4.72222, -nan, 0, 10.5078
72, 0.277778, 0, 0.413223, 10.5058
