Throughput, High Missed, Low Missed, Acceptance Rate, Max Memory
255, 0, 0, 56.276, 5.35736
264, 0, 0, 59.8007, 5.3515
251, 0, 0.381679, 54.5833, 5.3515
