Throughput, High Missed, Low Missed, Acceptance Rate, Max Memory
163, 74.3462, 38.4615, 0.684211, 4.12299
168, 49.8795, 40, 0.526316, 4.12299
