Throughput, High Missed, Low Missed, Acceptance Rate, Max Memory
308, 0.133333, 1.88917, 48.1212, 7.67767
348, 0, 0.909091, 60, 8.00775
380, 0, 0.217391, 69.697, 7.71283
