Throughput, High Missed, Low Missed, Acceptance Rate, Max Memory
1050, 0, 0.770848, 59.4583, 5.53705
1064, 0, 0.342231, 60.875, 5.53705
