Throughput, High Missed, Low Missed, Acceptance Rate, Max Memory
300, 0, 1.82119, 32.2133, 7.86908
318, 0, 0.434153, 36.8533, 7.86908
307, 0, 1.40845, 34.08, 7.86908
