Throughput, High Missed, Low Missed, Acceptance Rate, Max Memory
216, 0, 0.829876, 39.9668, 7.12885
218, 0, 0, 40.9619, 7.12885
218, 0, 1.52284, 41.1273, 7.12885
