Throughput, High Missed, Low Missed, Acceptance Rate, Max Memory
235, 0, 0, 48.0498, 6.84174
239, 0, 0, 49.6266, 6.72455
227, 0, 0, 44.5833, 6.83588
