Throughput, High Missed, Low Missed, Acceptance Rate, Max Memory
264, 0, 0.138122, 60.1829, 6.87299
268, 0, 0, 61.4618, 6.98041
271, 0, 0, 63.125, 6.87299
