Throughput, High Missed, Low Missed, Acceptance Rate, Max Memory
78, 0, 1.97368, 41.989, 6.90424
90, 0, 1.40845, 59.0028, 6.90814
74, 0, 5.76923, 36.1111, 6.86908
