Throughput, High Missed, Low Missed, Acceptance Rate, Max Memory
167, 50.3632, 33.3333, 0.499445, 4.04486
166, 49.1566, 0, 0.157895, 4.04486
