Throughput, High Missed, Low Missed, Acceptance Rate, Max Memory
670, 0, 22.2689, 19.8664, 4.87103
653, 0, 18.894, 18.0796, 4.8808
681, 0, 13.3995, 21.0224, 4.86517
