Throughput, High Missed, Low Missed, Acceptance Rate, Max Memory
387, 0, 0.410256, 50.5705, 9.3476
372, 0, 3.05556, 46.875, 9.3476
340, 0, 0, 38.5174, 9.3476
