Throughput, High Missed, Low Missed, Acceptance Rate, Max Memory
411, 0, 0, 79.2727, 6.70111
464, 0, 0, 95.1515, 6.58978
466, 0, 0, 95.7576, 6.68744
