Throughput, High Missed, Low Missed, Acceptance Rate, Max Memory
1002, 0, 0.0765111, 54.4583, 4.22064
1007, 0, 0.189538, 54.9583, 4.21674
