Throughput, High Missed, Low Missed, Acceptance Rate, Max Memory
263, 0, 0, 59.3854, 5.27728
262, 0, 0, 58.9892, 5.27533
258, 0, 0, 57.7083, 5.27728
