Throughput, High Missed, Low Missed, Acceptance Rate, Max Memory
261, 0, 0.141044, 58.887, 5.32416
256, 0, 0, 56.4315, 5.21869
260, 0, 0, 58.5417, 5.32611
