Throughput, High Missed, Low Missed, Acceptance Rate, Max Memory
67, 2.5, 1.03093, 26.7956, 10.3632
49, 3.33333, 40, 1.37741, 10.5078
48, 0, 0, 1.10193, 10.5058
