Throughput, High Missed, Low Missed, Acceptance Rate, Max Memory
109, 2.5, 5.91398, 38.5093, 9.02533
115, 0.694444, 6.89655, 45.3125, 9.01166
