Throughput, High Missed, Low Missed, Acceptance Rate, Max Memory
814, 0, 20.1912, 34.875, 7.17963
792, 0, 21.6113, 32.6718, 7.16595
915, 0, 10.907, 45.3646, 7.164
