Throughput, High Missed, Low Missed, Acceptance Rate, Max Memory
264, 0, 0.276243, 60.1829, 5.39252
250, 0, 0.30722, 53.9801, 5.39447
265, 0, 0, 60.4167, 5.39056
