Throughput, High Missed, Low Missed, Acceptance Rate, Max Memory
58, 0, 0, 14.6409, 8.39252
48, 2.5, 0, 1.10193, 10.4335
83, 3.33333, 1.71429, 48.4765, 10.4628
