Throughput, High Missed, Low Missed, Acceptance Rate, Max Memory
1033, 0, 0.361664, 57.6042, 6.92377
1003, 0, 0.687285, 54.5625, 6.92377