Throughput, High Missed, Low Missed, Acceptance Rate, Max Memory
418, 0, 0.670641, 81.3333, 5.56244
399, 0, 0.0802568, 75.5152, 5.54291
