Throughput, High Missed, Low Missed, Acceptance Rate, Max Memory
792, 0, 3.20513, 32.5, 7.53705
798, 0, 1.72956, 33.125, 7.53705
800, 0, 1.8125, 33.3333, 7.53705
