Throughput, High Missed, Low Missed, Acceptance Rate, Max Memory
117, 0, 2.18341, 47.5104, 7.41986
119, 0, 4.1841, 49.5851, 7.2558
134, 0, 4, 65.1042, 7.41986
