Throughput, High Missed, Low Missed, Acceptance Rate, Max Memory
1095, 0, 0.097561, 64.0625, 6.25189
1105, 0, 0.191755, 65.1875, 6.25189
